{"cameraMode":{"drawMode":0,"name":"Shaded","section":"Shading Mode"},"sceneLighting":true,"audioPlay":false,"sceneViewState":{"m_AlwaysRefresh":false,"showFog":true,"showSkybox":true,"showFlares":true,"showImageEffects":true,"showParticleSystems":true,"showVisualEffectGraphs":true,"m_FxEnabled":true},"in2DMode":false,"pivot":{"x":-0.44938862323760989,"y":2.8870816230773927,"z":-0.23393665254116059},"rotation":{"x":-0.0461103655397892,"y":0.9535726308822632,"z":-0.1975775510072708,"w":-0.22246143221855164},"size":1.002076268196106,"orthographic":false}